عنوان,دلیل مشکوک بودن,توضیحات,نوع معامله,محله,متراژ,سال ساخت,تعداد اتاق,قیمت کل,قیمت هر متر,طبقه,تاریخ انتشار,لینک
فروش باغ ویلا در گیلان یا تهاتربا واحد در کرج,دفتر املاک، مشاور,"فروش باغ ویلای سه طبقه در شمال (گیلان) یا تهاتربا باغ ویلای کوچک تر یا واحد آپارتمانی در کرج
مساحت۳۳۱متر مربع و۳۲۰متر زیر بنا
طبقه اول و دوم هرکدام ۱۴۵متری
طبقه سوم ۴۰متری(رویایی با چوب تزیینی...
سند تک برگ و آماده انتقال به خریدار 
دارای چهار اشتراک اصلی 
حیاط بزرگ ومحوط سازی و انباری
ویو پشت خانه: شالیزار وجلو: دریا
 مشاور ملکی شما در منطقه: رستمی راد 
دفتر املاک جاودانه مهر شهر کرج",فروش,لیل,۳۲۰,۱۳۹۰,۴,"‏۱۶,۸۰۰,۰۰۰,۰۰۰ تومان","‏۵۰,۷۵۵,۰۰۰ تومان",,۲۹ مرداد ۱۴۰۵، ۰۸:۵۹,https://divar.ir/v/gaFSm9Yl
واحد 86متری بسیار خوش نقشه و دلباز در لاهیجان,دفتر املاک، مشاور,"درود بر همگی دوستان گرامی
واحد  ۸۶متری
سند تک برگ
خوش نقشه
سه طبقه سه واحد
طبقه سوم
نورگیر عالی و دلباز
سرویس بهداشتی و حمام جدا
دوخوابه
تراس دار
پکیج و کولر 
پارکینگ قید در سند
انباری

در محیطی آرام و دسترسی آسان به مراکز خرید
لطفا
برای بازدید و اطلاعات تماس بگیرید و یا حضوری به دفتر املاک ابوالفضل واقع در خزر ۱۴ مراجعه نمایید

مشاور شما: روحی
سپاس از نگاه پر مهرتان",فروش,طالقانی,۸۶,۱۳۹۴,۲,"‏۶,۵۰۰,۰۰۰,۰۰۰ تومان","‏۷۵,۵۸۱,۰۰۰ تومان",۳ از ۳,۲۷ خرداد ۱۴۰۵، ۱۲:۳۴,https://divar.ir/v/gayIGqFq
فروش ویلای ۲۳۰ متری کلید نخورده کوهپایه ای,فایلینگ، مشاور,"مشاورین املاک اکباتان شمال⚜

فروش ویلای کلید نخورده  کوهپایه ای 

✅ مساحت کل : ۲۳۰ متر
✅ مساحت بنا؛  ۱۰۰ متر
✅ دو خواب
✅تراس بزرگ
✅انباری
✅استفاده از بهترین متریال
✅شیک وخوش نقشه
✅پارکینگ بزرگ
✅منطقه ویلاسازی شده
✅محیطی بسیار آرام
✅قیمت مناسب

آدرس ملک: لاهیجان _کیلومتر ۶ جاده لاهیجان به سیاهکل _بعد از روستای گردشگری سوخته کوه

⚜مشاورین املاک اکباتان شمال⚜

ما با ارائه وسیعترین و برترین حجم فایلینگ تلاش میکنیم شما را در سریعترین زمان و بالاترین سطح کیفیت به هدفتان برسانیم
موارد مشابه فایل در لوکیشن های مختلف

انجام کلیه امور اداری (گرفتن مجوز ساخت،نقشه برداری،پروانه ساخت،استعلامات اداری،تغییر کاربری،دریافت سند و پایانکار

همچنین انجام کلیه امورات پیمانکاری ساختمان،حصارکشی و.... 

 مشاوره تخصصی شما در زمینه امور ملکی
مهندس علیپور

آدرس دفتر: لاهیجان_بلوار دیلمان_جنب میدان شهید جعفری_مشاورین املاک اکباتان شمال",فروش,آهندان,۱۰۰,۱۴۰۵,۲,"‏۱۰,۰۰۰,۰۰۰,۰۰۰ تومان","‏۴۱,۶۶۶,۰۰۰ تومان",,۲۴ مرداد ۱۴۰۵، ۱۱:۱۴,https://divar.ir/v/gaAihJ34
فروش واحد تو منطقه آزادگان .از املاک ابوالفضل,نشانه املاکی در عنوان,"سلام ارادت 
۱۶۳
واحد کلا دو طبقه 
طبقه دوم جهت فروش 
مساحت ۱۰۳ متر 
دوخواب 
حال پذیرایی و سرویس حمام 
گاز سوز 
پارکینگ بدون مزاحم 
دو تراس 
تخفیف کوچولو دارد 
تخلیه است 
جهت کسب اطلاعات بیشتر و بازدید از ساعت‌های ۹:۳۰ الی ۱۲:۳۰ ظهر و ۳:۳۰ الی ۷ شب 
به املاک ابوالفضل مراجعه نمایید 
آدرس املاک لاهیجان خیابان خزر .خزر۱۴ املاک ابوالفضل 
مدیریت شریف زاده",فروش,کوی خزر,۱۰۳,۱۳۹۵,۲,"‏۹,۱۰۰,۰۰۰,۰۰۰ تومان","‏۸۸,۳۴۹,۰۰۰ تومان",۲ از ۲,۱۸ مرداد ۱۴۰۵، ۱۱:۱۷,https://divar.ir/v/ga4BzJ3B
رهن اجاره سوئیت را از املاک ابوالفضل بخواهید,نشانه املاکی در عنوان,"سلام ارادت 
منطقه سعدی سوئیت مستقل جهت اجاره 
مساحت ۶۰ متر
تک خواب 
سرویس حمام 
پارکینگ موتور 
جهت بازدید به املاک ابوالفضل مراجعه نمایید 
آدرس املاک لاهیجان خیابان خزر۱۴ املاک ابوالفضل 
مدیریت حمید شریف زاده",رهن و اجاره,کوه بیجار,۶۰,۱۳۹۶,۱,,,همکف,۱۹ مرداد ۱۴۰۵، ۱۰:۰۷,https://divar.ir/v/ga5FHVHH
زمین بر آسفالت خوشقواره را از املاک ابوالفضل بخر,نشانه املاکی در عنوان,"سلام ارادت 
روستای کلشتاجان لاهیجان .منطقه ویلاسازی شده 
مساحت ۳۶۵ متر 
حدود ۱۴ متر بر زمین 
بر آسفالت 
زمین سه بر هست 
این زمین با لاهیجان حدود ۱۰ دقیقه فاصله دارد .جاده اصلی لاهیجان به سیاهکل روستای کلشتاجان واقع شده .حومه لاهیجان هست 
چندین سال پیش ۵۰ متر مسکونی گرفته شده که الان میشه متراژ بیشتر مسکونی گرفت 
مدارک بنچاق .گواهی مالکیت .مبایعنانه رسمی و کد رهگیری 
راحت هم میشه سند تک برگ گرفت 
چشم انداز فوق العاده 
انشعابات سر زمین هستش 
خلاصه واقعا زمین خوشقواره ای هست موقعیت بی نظیر 
به علت خرید خانه این زمین با قیمت خیلی خیلی مناسب نسبت به قیمت زمین‌های منطقه .بفروش می‌رسد. که خریدار عزیز می‌تواند تحقیقات نماید 
جهت بازدید و کسب اطلاعات بیشتر می‌توانید به املاک ابوالفضل مراجعه نمایید 
آدرس املاک لاهیجان ‌.خیابان خزر .نبش خزر۱۴ املاک ابوالفضل 
مدیریت .حمید شریف زاده",فروش,بازکیاگوراب,,,,"‏۲,۱۵۰,۰۰۰,۰۰۰ تومان","‏۵,۸۹۰,۰۰۰ تومان",,۳ شهریور ۱۴۰۵، ۱۹:۳۲,https://divar.ir/v/gaNyrYB3
زمین شهری لاهیجان با سند .از املاک ابوالفضل,نشانه املاکی در عنوان,"سلام ارادت 
کد ۶۱
لاهیجان منطقه جمهوری بر اصلی .
مساحت ۴۳۰متر 
عرض زمین حدود ۸ متر 
سند دارد 
جهت بازدید و کسب اطلاعات بیشتر به املاک ابوالفضل مراجعه نمایید 
آدرس املاک .لاهیجان .خیابان خزر .نبش خزر۱۴ املاک ابوالفضل 
مدیریت .حمید شریف زاده",فروش,طالقانی,,,,"‏۱۶,۰۰۰,۰۰۰,۰۰۰ تومان","‏۳۷,۲۰۹,۰۰۰ تومان",,۴ شهریور ۱۴۰۵، ۰۹:۵۰,https://divar.ir/v/gaOWoeWP
واحد مستقل  میخوای.، بیا املاک ابوالفضل داره,نشانه املاکی در عنوان,"سلام ارادت 
منطقه جیرسر کوچه کلستانک واحد مستقل راه جدا 
مساحت ۱۳۵ متر طبقه اول 
پارکینگ 
انباری 
انشعابات کامل 
سندتک برگ 
حمام و سرویس .بزرگ 
دوخواب حال پذیرایی و آشپزی 
واحد خیلی جاندار و سرپایی هست 
در حال حاضر مالک زندگی میکنه
تخفیف به خریدار محترم در نظر گرفته شده 
دسترسی کامل بازار .مدرسه و مراکز درمانی 
لوکیشن بسیار عالی 
جهت بازدید و کسب اطلاعات بیشتر به املاک ابوالفضل مراجعه نمایید 
آدرس املاک لاهیجان خیابان خزر .نبش خزر۱۴ املاک ابوالفضل 
مدیریت حمید شریف زاده",فروش,کوی آزادگان,۱۳۵,۱۳۹۰,۲,"‏۱۳,۰۰۰,۰۰۰,۰۰۰ تومان","‏۹۶,۲۹۶,۰۰۰ تومان",۱,۴ شهریور ۱۴۰۵، ۱۴:۲۰,https://divar.ir/v/gaOSsrmB
ویلایی شهری بازسازی .از املاک ابوالفضل بخواهید,نشانه املاکی در عنوان,"سلام ارادت 
منطقه. جمهوری ۷ فروش ویلایی بازسازی شده 
مساحت ۱۸۳متر 
بنا ۱۱۰ متر
دوتا انباری 
حیاط خلوت ۲۵ متر 
توجه ‌.توجه .این ملک پارکینگ ندارد ولی شرایط پارکینگ را دارد.
عرض این ملک حدود ۸ متر است 
جهت بازدید و کسب اطلاعات بیشتر به املاک ابوالفضل مراجعه نمایید 
آدرس املاک لاهیجان خیابان خزر .نبش خزر۱۴ املاک ابوالفضل 
مدیریت حمید شریف زاده",فروش,خمیر کلایه,۱۱۰,۱۳۹۰,۲,"‏۱۴,۸۵۰,۰۰۰,۰۰۰ تومان","‏۸۱,۱۴۷,۰۰۰ تومان",,۵ شهریور ۱۴۰۵، ۱۸:۳۶,https://divar.ir/v/gaQG17Qq
زمین مسکونی بالاترین نقطه گمل لاهیجان,مشاور املاک، جهت بازدید، مشاور,"زمین مسکونی با پروانه ساخت ۱۰۰ متری

ویوی ابدی 

روستای گمل

بالاترین نقطه ممکن 

با نامه استعلام از بنیاد مسکن و منابع ملی 

جهت بازدید و کسب اطلاعات بیشتر تماس بگیرید 

مشاور املاک پدیده کوهستان سوستان 

محبی",فروش,لیل,,,,"‏۳,۳۶۰,۰۰۰,۰۰۰ تومان","‏۸,۰۰۰,۰۰۰ تومان",,۵ شهریور ۱۴۰۵، ۱۷:۳۶,https://divar.ir/v/gaQSkHzT
۵۵۰۰ متر زمین تماما قابل تفکیک بعد کتشال,مشاور املاک، جهت بازدید، مشاور,"زمین داخل طرح قابل تفکیک بر خیابان اصلی آسفالته 

روستای سطلسر 

دوبر کوچه و خیابان اصلی 

ویوی ابدی و چشمگیر 

با نامه استعلام از بنیاد مسکن و منابع ملی 

جهت بازدید و کسب اطلاعات بیشتر تماس بگیرید 

مشاور املاک پدیده کوهستان سوستان 

محبی",فروش,لیل,,,,"‏۴۲,۰۰۰,۰۰۰,۰۰۰ تومان","‏۷,۶۳۶,۰۰۰ تومان",,۵ شهریور ۱۴۰۵، ۱۷:۲۹,https://divar.ir/v/gaQKkkCw
ویلایی قابل سکونت سوستان بالا,مشاور املاک، جهت بازدید، مشاور,"زمین ۱۶۵ متری

بنای ۸ متری

با جای پارک دو ماشین 

دور محصور شده 

سوستان بالا چسبیده به شهر لاهیجان 

جهت بازدید و کسب اطلاعات بیشتر تماس بگیرید 

مشاور املاک پدیده کوهستان سوستان 

محبی",فروش,لیل,۸,قبل از ۱۳۷۰,۲,"‏۸,۰۰۰,۰۰۰,۰۰۰ تومان","‏۴۸,۴۸۴,۰۰۰ تومان",,۱۴ مرداد ۱۴۰۵، ۱۷:۵۴,https://divar.ir/v/gazdkgqw
زمین مسکونی ۲۰۰ متر براصلی دره جیر لاهیجان,مشاور املاک، جهت بازدید، مشاور,"زمین مسکونی ۲۰۰ متری سندار بر خیابان اصلی آسفالته 

سند تک برگ 

منطقه ویلانشین دره جیر 

دور نسبتاً محصور شده 

تمام مسکونی 

با نامه استعلام از بنیاد مسکن و منابع ملی 

جهت بازدید و کسب اطلاعات بیشتر تماس بگیرید 

مشاور املاک پدیده کوهستان سوستان 

محبی",فروش,آهندان,,,,"‏۷,۲۰۰,۰۰۰,۰۰۰ تومان","‏۳۶,۰۰۰,۰۰۰ تومان",,۲۶ مرداد ۱۴۰۵، ۱۱:۱۲,https://divar.ir/v/gaCurOYm
فروش مغازه بامالکیت وسرقفلی در بهترین نقطه لاهیجان,مشاور املاک، مشاور,"فرصت استثنایی سرمایه‌گذاری در یکی از بهترین موقعیت‌های تجاری

✳️ کد فروش: 20634 | آدرس: میدان شهدا لاهیجان، برترین منطقه تجاری لاهیجان

 قیمت: متری ۱ میلیارد و ۲۰۰ میلیون تومان (قابل مذاکره)

 مشخصات ملک:

- مغازه دوبر، بدون عقب‌نشینی
- ۵۵ مترمربع فضای تجاری
- ۴۵ مترمربع زمین در پشت مغازه
- مجموع مساحت: ۱۰۰ مترمربع

⭐ ویژگی‌های شاخص:
✅ واقع در بهترین لوکیشن و پرترددترین نقطه منطقه
✅ دارای مالکیت و سرقفلی معتبر
✅ امکان تهاتر تا 30۰٪ از مبلغ معامله، صرفاً با املاک ارزنده در لاهیجان
✅ گزینه‌ای ایده‌آل برای سرمایه‌گذاری، راه‌اندازی کسب‌وکار و افزایش ارزش سرمایه

 مشاور املاک شمال شرق | یاسر

«خرید و فروش پایان یک معامله نیست؛ آغاز یک تعهد ماندگار است.»",فروش,خمیر کلایه,۱۰۰,۱۳۸۵,۱,"‏۱۲۰,۰۰۰,۰۰۰,۰۰۰ تومان","‏۱,۲۰۰,۰۰۰,۰۰۰ تومان",,۵ شهریور ۱۴۰۵، ۱۶:۵۷,https://divar.ir/v/gaQqjruR
۲۹۳متر ساحلی قابل تفکیک قیمت منا*سب,کد فایل,"کد فایل:1591
«قیمت درج شده در آگهی نصف مبلغ می‌باشد»
«با پرداخت نصف مبلغ مالک زمین ساحلی شو»

❗️فروش زمین ساحلی ۲۹۳متری جایگاه مناسب دو بر
•با بر ۱۲-۲۰
«قابل تفکیک»
•کوچه مستقیم به ساحل 
•دیوار کشی شده 
•انشعابات بالای سر زمین
•متراژ هر دو کوچه ۸ متر
•عقب نشینی رعایت شده
•اطراف زمین ویلا سازی شده 
•دسترسی مناسب ب میدان اصلی شهر

-وکالت دفتر خانه ای
-ثبت سند سیماک کشوری زیر نظر ثبت اسناد
-ارائه نسخ و بنچاق مادر
-وکالت رسمی از دفتر اسناد رسمی کشور 
-دارای مهر تایید شهرداری و شورا شهر 
-دارای نقشه:هوایی-تفکیکی-utm-gps 
———————
•تخفیف پای معامله
•امکان معاوضه با خودرو
•پرداخت به صورت نقد و اقساط

برای اطلاعات بیشتر تماس بگیرید

آدرس:گیلان-لنگرود-بندر توریستی شهر چاف و چمخاله-بلوار کاسپین-جنب افق کوروش نبش بهارستان 12 املاک ساحل",فروش,قیام,,,,"‏۱,۰۰۰,۰۰۰,۰۰۰ تومان","‏۳,۴۱۲,۰۰۰ تومان",,۴ مرداد ۱۴۰۵، ۱۱:۴۰,https://divar.ir/v/gajVxse8
واحد ۱۰۳ متری غرق در نور و دلباز,دفتر املاک، فایل مشابه، مشاور,"درود به دوستان گرامی
یک واحد ۱۰۳ متری واقع در آزادگان شمالی
سند تک برگ
دوخوابه 
هر دو خواب کمد دیواری
کابینت  های کلاس
پارکینگ قید در سند
دو طبقه دو واحد
شومینه
پذیرایی بزرگ و دلباز
دارای دو تراس 
انباری
سرویس ایرانی و فرنگی
واحد تخلیه اماده بازدید

لطفا برای کسب اطلاعات و بازدید تماس بگیرید و و یا حضوری به دفتر املاک ابوالفضل واقع در خزر ۱۴ مراجعه فرمایید.

فایل مشابه موجود میباشد
مشاور شما : روحی
سپاس از نگاه پرمهرتان",فروش,کوی خزر,۱۰۳,۱۳۹۵,۲,"‏۹,۱۰۰,۰۰۰,۰۰۰ تومان","‏۸۸,۳۴۹,۰۰۰ تومان",۲ از ۲,۲۰ مرداد ۱۴۰۵، ۱۲:۴۵,https://divar.ir/v/ga6dOfbG
زمین  دوبر با قیمت فوق العاده در بازکیاگوراب,دفتر املاک، جهت بازدید، مشاور,"درود به دوستان گرامی
یک قطعه زمین مستطیل به 
متراژ ۳۳۷ متر  بدون پرتی و قناسی
کوچه ۸متری و ۶متری
با بر ۱۳ و ۲۳ متر
تمام مسکونی
با پروانه ساخت 
دور زمین ساخت و ساز شده 
تمامی انشعابات  پای زمین
مالک منعطف 
تخفیف پای معامله

لطفا جهت بازدید و اطلاعات بیشتر تماس بگیرید و یا حضوری به دفتر املاک ابوالفضل واقع در خزر ۱۴ مراجعه نمایید

فایلهای مشابه موجود میباشد
مشاور شما روحی

سپاس از نگاه پرمهرتان",فروش,بازکیاگوراب,,,,"‏۳,۵۰۰,۰۰۰,۰۰۰ تومان","‏۱۰,۳۸۵,۰۰۰ تومان",,۲۷ مرداد ۱۴۰۵، ۰۰:۳۱,https://divar.ir/v/gaDaHik7
زمین مسکونی مشرف به  روستا,مشاور املاک، جهت بازدید، مشاور,"زمین مسکونی ۴۶۰ متری با ویوی ابدی 

بر خیابان اصلی آسفالته 

در شرف صدور پروانه 

بالاترین نقطه ممکن 

مشرف به تمام مناطق 

با نامه استعلام از بنیاد مسکن و منابع ملی 

جهت بازدید و کسب اطلاعات بیشتر تماس بگیرید 

مشاور املاک پدیده کوهستان سوستان 

محبی",فروش,لیل,,,,"‏۹,۲۰۰,۰۰۰,۰۰۰ تومان","‏۲۰,۰۰۰,۰۰۰ تومان",,۵ مرداد ۱۴۰۵، ۱۸:۴۱,https://divar.ir/v/ganVHHvQ
فروش اپارتمان مستقل نوساز بیجاربنه پایین لاهیجان,مشاور املاک، مشاور,"76 متر
دو خوابه
طبقه اول
گاز رومیزی و هود
کمد و کابینت ام دی اف
گرمایش پکیج
سرمایش لوله کشی اسپیلت
پارکینگ
چشم انداز شیطان کوه
تمیز و شیک و لوکس
متری 110 میلیون تومان
8.360.000.000 تومان
دفتر مهندسی و مشاور املاک خانه معمار",فروش,لیالستان,۷۶,۱۴۰۵,۲,"‏۸,۳۶۰,۰۰۰,۰۰۰ تومان","‏۱۱۰,۰۰۰,۰۰۰ تومان",۱,۳ شهریور ۱۴۰۵، ۲۰:۲۶,https://divar.ir/v/gaNe8TU_
فروش واحد نقلی ۴۵متری نوساز,مشاور املاک، مشاور,"نوساز 
۳ط ۳و 
یک خوابه
فول امکانات
پکیج
آسانسور
پارکینگ اختصاصی
دسترسی آسان به مراکز خرید 
واحد نقلی خوش نقشه 
مشاور املاک آلاچیق ، خ آزادگان 
بازدار",فروش,انقلاب,۴۵,۱۴۰۵,۱,"‏۷,۵۰۰,۰۰۰,۰۰۰ تومان","‏۱۶۶,۶۶۶,۰۰۰ تومان",۲ از ۳,۲ شهریور ۱۴۰۵، ۱۸:۱۷,https://divar.ir/v/gaMi19lz
زمین ۱۷۳ متری با سند محصور سوستان لاهیجان,مشاور املاک، جهت بازدید، مشاور,"زمین مسکونی ۱۷۳ متری سوستان لاهیجان 

اوایل سوستان بالا 

نزدیک شهر لاهیجان 

نزدیک خیابان اصلی آسفالته 

دور محصور شده 

کوچه ۶ متری

جهت بازدید و کسب اطلاعات بیشتر تماس بگیرید 

مشاور املاک پدیده کوهستان سوستان 

محبی",فروش,لیل,,,,"‏۴,۶۰۰,۰۰۰,۰۰۰ تومان","‏۲۶,۵۸۹,۰۰۰ تومان",,۲ شهریور ۱۴۰۵، ۱۸:۱۰,https://divar.ir/v/gaMeFsD7
بهترین فرصت برای خرید ۶۹ متری در آوینی,کارشناس ملک,"درود 
کارشناس ملکی :علیزاده 
۳ طبقه ۶ واحد در آوینی 
طبقه اول 
با پارکینگ قید در سند 
۷/۵۰۰ میلیارد 

جهت کسب اطلاعات بیشتر و بازدید لطفا تماس بگیرید",فروش,شهید آوینی,۶۹,۱۳۹۰,۲,"‏۷,۵۰۰,۰۰۰,۰۰۰ تومان","‏۱۰۸,۶۹۵,۰۰۰ تومان",۱ از ۳,۲ شهریور ۱۴۰۵، ۱۸:۰۱,https://divar.ir/v/gaMSV_7E
۲۰۰ متر مسکونی سند تک برگ بعد کتشال,مشاور املاک، جهت بازدید، مشاور,"زمین مسکونی ۲۰۰ متری. دوبر

دوبر کوچه ۶ و ۸ متری

دور محصور شده یک رگ بلوک

سند تک برگ 

روستای سطلسر اول روستا

بافت خلوت روستایی 

با نامه استعلام از بنیاد مسکن و منابع ملی 

جهت بازدید و کسب اطلاعات بیشتر تماس بگیرید 

مشاور املاک پدیده کوهستان سوستان 

محبی",فروش,لیل,,,,"‏۴,۷۰۰,۰۰۰,۰۰۰ تومان","‏۲۳,۵۰۰,۰۰۰ تومان",,۲۵ مرداد ۱۴۰۵، ۱۷:۱۵,https://divar.ir/v/gaB6bvjX
زمین ۱۹۵ متری با پروانه ساخت کابییجار,مشاور املاک، جهت بازدید، مشاور,"زمین مسکونی ۱۹۵ متری با ویوی ابدی و پروانه 

پروانه ساخت ۱۰۰ متری

دوبر کوچه و خیابان اصلی 

روی تپه و بلندی 

با نامه استعلام از بنیاد مسکن و منابع ملی 

جهت بازدید و کسب اطلاعات بیشتر تماس بگیرید 

مشاور املاک پدیده کوهستان سوستان 

محبی",فروش,لیل,,,,"‏۲,۳۵۰,۰۰۰,۰۰۰ تومان","‏۱۲,۰۵۱,۰۰۰ تومان",,۲ شهریور ۱۴۰۵، ۱۷:۴۷,https://divar.ir/v/gaMKVGh0
نگاه کن _ مقایسه کن _ خرید کن,دفتر املاک، فایلینگ، مشاور,"درود بر شما 
پریان فر هستم ، مشاور در حوزه املاک

قابل توجه فروشندگان :
با معرفی انحصاری ملک مورد فروش خود ، علاوه بر تخفیف ۵۰٪ در  پرداخت کمسیون  ، مدیریت و مشاوران این دفتر ، باحفظ امانت داری ، صداقت و شفافیت ، در اسرع وقت ملکتان را به فروش رسانده و همراه ما لذت یک معامله شیرین و کم ریسک را تجربه خواهید کرد .

قابل توجه خریداران :
دفتر املاک بوکان ، با بهره گرفتن از مشاوران با سابقه و فایلینگ کامل مطابق با بودجه و سلیقه شما ، در تمامی مراحل خرید ، همراه  شما خواهند بود .

انجام یک معامله پایان راه نیست / ابتدای دوستی و رفاقت صادقانه است
املاک بوکان",فروش,شهید آوینی,۱۶۴,۱۳۹۹,۳,"‏۲۰,۵۰۰,۰۰۰,۰۰۰ تومان","‏۱۲۵,۰۰۰,۰۰۰ تومان",۴,۲ شهریور ۱۴۰۵، ۱۷:۲۲,https://divar.ir/v/gaMy0UJ8
زمین مسکونی ۲۳۰ متری مرا دهنده,مشاور املاک، جهت بازدید، مشاور,"زمین مسکونی ۲۳۰  متری روستای مرا هنده لاهیجان 

کاربری مسکونی 

نزدیک خیابان اصلی آسفالته 

بر حدودا ۹ متری

مربع مستطیل کامل بدون پرتی و غناثی 

جهت بازدید و کسب اطلاعات بیشتر تماس بگیرید 

مشاور املاک پدیده کوهستان سوستان 

محبی",فروش,لیل,,,,"‏۳,۵۰۰,۰۰۰,۰۰۰ تومان","‏۱۵,۲۱۷,۰۰۰ تومان",,۲ شهریور ۱۴۰۵، ۱۷:۱۳,https://divar.ir/v/gaMq0SO-
زمین مسکونی ۳۷۰ متری مرا دهنده,مشاور املاک، جهت بازدید، مشاور,"زمین مسکونی ۳۷۰ متری با ویوی ابدی 

روستای مرادهنده لاهیجان 

کاربری مسکونی 

نزدیک خیابان اصلی آسفالته 

جهت بازدید و کسب اطلاعات بیشتر تماس بگیرید 

مشاور املاک پدیده کوهستان سوستان 

محبی",فروش,لیل,,,,"‏۴,۸۰۰,۰۰۰,۰۰۰ تومان","‏۱۲,۹۷۲,۰۰۰ تومان",,۲ شهریور ۱۴۰۵، ۱۷:۱۰,https://divar.ir/v/gaMmknDa
زمین ۸۰۰ متری با ویوی خاص زمیدان,مشاور املاک، جهت بازدید، مشاور,"زمین مسکونی ۸۰۰ متری با سند تک برگ 

ویوی ابدی و چشمگیر 

بر آسفالت محلی 

سند تک برگ 

تمام مسکونی 

جهت بازدید و کسب اطلاعات بیشتر تماس بگیرید 

مشاور املاک پدیده کوهستان سوستان 

محبی",فروش,لیل,,,,"‏۱۷,۰۰۰,۰۰۰,۰۰۰ تومان","‏۲۱,۲۵۰,۰۰۰ تومان",,۲ شهریور ۱۴۰۵، ۱۷:۰۷,https://divar.ir/v/gaMiky3C
۵۰۰متر مسکونی سندار لیالستان منطقه برند,مشاور املاک، مشاور,"گاهی به سختی میتوان زمینی پیدا کرد که بتواند یکجا هم اهداف سرمایه گذاری را پوشش دهد و هم دارای محیطی زیبا با چشم اندازهای بینظیر باشد و هم قابلیت ساخت ویلا و استفاده را داشته باشد و هم متراژ مناسب داشته باشد و همچنین در یک منطقه برند و در حال رشد سریع نیز قرار گرفته باشد. این قطعه زمین میتواند همه اهداف خریدار را برآورده سازد و همین قابلیت آنرا در رده زمینهای کم نظیر قرار میدهد

لیالستان 

(۱) فروش زمین مسکونی منطقه خوب
قواره ۵۰۰ متر
لوکیشن بکر
منطقه ای امن و ارام
بر 13 متر
مسکونی آماده ساخت
سند شش دانگ 
مدارک معتبر 
دسترسی آسان به خیابان اصلی
انشعابات چندقدمی ملک 
۴کلیومتری لاهیجان 
با محدوده مشخص و نقشه باکلیه مراحل ساخت اخذ سند ثبت سیماک
..............................................................
(2)مورد دیگه فروش زمین مسکونی لیالستان
مساحت زمین 315متر
کاربری مسکونی نامه بنیاد مسکن
سندار  
خوشقواره
موقعیت مکانی عالی
 منطقه رو به پیشرفت
.................................‌‌.................................
برای اطلاع بیشتر تماس بگیرید

مشاور املاک جلگه",فروش,لیالستان,,,,"‏۱۱,۲۵۰,۰۰۰,۰۰۰ تومان","‏۲۲,۵۰۰,۰۰۰ تومان",,۲۸ بهمن ۱۴۰۴، ۱۲:۵۲,https://divar.ir/v/QaU-Stxw
اجاره واحد ۱۶۰ متری گلستان روبروی استخر,جهت بازدید، مشاور,"درود و وقت بخیر

واحد مسکونی ۱۶۰ متری ۳ خواب گلستان روبروی استخر

* واحد نوساز فول امکانات و شیک
* ۳ اتاق خواب 
* ۲ اتاق مستر به همراه ۲ تراس
* پذیرایی نورگیر و خوش نقشه
* طبقه اول
۴ میلیارد رهن کامل قابل تبدیل

جهت بازدید و مشاوره تماس بگیرید
محمدی",رهن و اجاره,گلستان,۱۶۰,۱۴۰۴,۳,,,۱ از ۵,۲۶ مرداد ۱۴۰۵، ۱۰:۴۱,https://divar.ir/v/gaCSbDmA
۱۴۵ متر نوساز کلید نخورده در حزین,کارشناس ملک,"درود 
کارشناس ملکی :علیزاده 
۵ طبقه ۱۰ واحد 
طبقه ۳
۱۴۵ متر ۳ خواب 
کلید نخورده 
۲/۵۰۰ رهن واجاره 
حداقل ۲ میلیارد پیش 
به درخواست مالک محترم از درج تصویر ملک معذوریم

جهت کسب اطلاعات بیشتر لطفا تماس بگیرید",رهن و اجاره,حزین,۱۴۵,۱۴۰۴,۳,,,۳ از ۵,۲ شهریور ۱۴۰۵، ۱۱:۲۳,https://divar.ir/v/gaLiPSn9
۱۴۴ متر مستقل کلیدنخورده ۲ خواب در حزین,جهت بازدید، مشاور,"درود و وقت بخیر

واحد مسکونی ۱۴۰ متری ۲ خواب کلید نخورده
در حزین زوج

* واحد کلید نخورده فول امکانات و شیک
* ۲ اتاق خواب ( مستر)
* پذیرایی نورگیر و خوش نقشه
* طبقه همکف
* واحد پارکینگ ندارد،ولی جای پارک دارد

جهت بازدید و مشاوره تماس بگیرید
محمدی",رهن و اجاره,حزین,۱۴۰,۱۴۰۵,۲,,,همکف از ۶,۲ شهریور ۱۴۰۵، ۱۱:۰۶,https://divar.ir/v/gaLSPYfa
تکواحدی ۱۷۷ متری نوساز و مدرن,جهت بازدید، مشاور,"تکواحد مسکونی ۱۷۷ متری ۳ خواب 
در چند قدمی استخر

* واحد نوساز فول امکانات و شیک
* ۳ اتاق خواب ( مستر)
* پذیرایی نورگیر و خوش نقشه
* طبقه پنج از پنج
جهت بازدید و مشاوره تماس بگیرید
محمدی",رهن و اجاره,گلستان,۱۷۴,۱۴۰۴,۳,,,۵ از ۵,۲ شهریور ۱۴۰۵، ۱۰:۴۵,https://divar.ir/v/gaL-eZWF
فرصت استثنایی برای خانه دار شدن,مشاور املاک، مشاور,"فرصتی مناسب برای خریدواحد خوش‌قیمت فوق کاسبی

✨ کد ملک: 14420

 قیمت: 3میلیارد و 850میلیون تومان

 مشخصات ملک:

 زیربنا: 50مترمربع به بالا
 1 اتاق خواب
 واحد طبقه اول با موقعیت مناسب

 مزایای ملک:
✅ دسترسی آسان به مراکز خرید و امکانات رفاهی
✅ مناسب برای سکونت دائم یا سرمایه‌گذاری
✅ محیطی آرام و دلنشین
لازم به ذکر است ملک فوق کلا دو واحد پارکینگ قید در سند
 مشاور املاک شمال شرق | یاسر

 اعتماد شما، سرمایه ماست.
«خرید و فروش پایان یک معامله نیست، بلکه آغاز یک تعهد ماندگار است.»",فروش,لیالستان,۵۰,۱۳۹۵,۱,"‏۳,۸۵۰,۰۰۰,۰۰۰ تومان","‏۷۷,۰۰۰,۰۰۰ تومان",همکف,۱ شهریور ۱۴۰۵، ۲۳:۲۵,https://divar.ir/v/gaL-k1Zu
واحد ۱۸۰ متری ۳ خواب در شیخ زاهد تک واحدی,کارشناس ملک,"درود 
کارشناس ملکی :علیزاده 

۵ طبقه ۵ واحد در شیخ زاهد ۱۸۰ متر
طبقه اول ۳ خواب جکوزی مستر مطبخ
فول امکانات. 

۳/۸۰۰ میلیارد رهن کامل یا 
۳/۳۰۰ پیش ۱۵ اجاره 

جهت کسب اطلاعات بیشتر لطفا تماس بگیرید",رهن کامل,شیخ زاهد,۱۸۰,۱۴۰۳,۳,,,۱ از ۵,۱ شهریور ۱۴۰۵، ۱۷:۵۱,https://divar.ir/v/gaLGApIi
ویلا با ویوی خاص بعداز سوستان,مشاور املاک، جهت بازدید، مشاور,"ویلای دوبلکس بعداز سوستان لاهیجان 

دوبلکس 

۳ خواب 

ویوی ابدی و چشمگیر مثل کارت پستال 

کوچه ویلانشین 

با پروانه ساخت و پایان کار 

جهت بازدید و کسب اطلاعات بیشتر تماس بگیرید 

مشاور املاک پدیده کوهستان سوستان 

محبی",فروش,لیل,۱۹۰,۱۴۰۳,۳,"‏۲۵,۰۰۰,۰۰۰,۰۰۰ تومان","‏۸۶,۲۰۶,۰۰۰ تومان",,۲۶ مرداد ۱۴۰۵، ۱۱:۲۷,https://divar.ir/v/gaC6L0Gk
اجاره آپارتمان کلید نخورده گلستان پارکینگ ۲ ماشین,دفتر املاک,"اجاره واحد نوساز کلیدنخورده گلستان
۱۰۵ متر
۲ خواب
طبقه دوم
کلا ۴ طبقه ۸ واحد
آسانسور
پارکینگ قید در سند بدون مزاحم/۲ ماشین
تراس
پکیج/اسپلیت
فول امکانات
فقط با زوج جوان
✅دفتر املاک معماری پارسی✅
همکاران گرامی تماس نگیرند .",رهن و اجاره,گلستان,۱۰۵,۱۴۰۵,۲,,,۲ از ۴,۱ شهریور ۱۴۰۵، ۱۱:۲۹,https://divar.ir/v/gaKiaEoe
واحد ۱۶۰ متری ویو دار در کوی استادان,کارشناس ملک,"درود 
کارشناس ملکی : علیزاده 
واحد ۱۶۰ متری ۳ خواب تک واحدی ویو دار 
طبقه ۳ فول امکانات غرق نور 

جهت کسب اطلاعات بیشتر لطفا تماس بگیرید",رهن کامل,کوی استادان,۱۶۰,۱۴۰۲,۳,,,۳,۱ مرداد ۱۴۰۵، ۱۱:۵۰,https://divar.ir/v/gah5stNP
ویلای خوش نقشه و کاسبی لیالستان,مشاور املاک، مشاور,"فرصتی مناسب برای خرید ویلای خوش‌قیمت

✨ کد ملک: 14420634

 قیمت: ۱۸ میلیارد و ۷۵۰ میلیون تومان

 مشخصات ملک:

-  متراژ زمین: ۲۳۰ مترمربع
-  زیربنا: ۱۷۰ مترمربع
-  ۲ اتاق خواب
-  ویلایی با موقعیت مناسب و کاربردی

 مزایای ملک:
✅ دسترسی آسان به مراکز خرید و امکانات رفاهی
✅ مناسب برای سکونت دائم یا سرمایه‌گذاری
✅ محیطی آرام، دلنشین و ایده‌آل برای زندگی

 مشاور املاک شمال شرق | یاسر

 اعتماد شما، سرمایه ماست.
«خرید و فروش پایان یک معامله نیست؛ بلکه آغاز یک تعهد ماندگار است.»",فروش,لیالستان,۱۷۰,۱۳۹۸,۳,"‏۱۸,۷۵۰,۰۰۰,۰۰۰ تومان","‏۸۱,۵۲۱,۰۰۰ تومان",,۳۱ مرداد ۱۴۰۵، ۱۶:۳۰,https://divar.ir/v/gaJyZ2FP
۲۲۰ متر مغازه در بلوار عدالت لاهیجان,کارشناس ملک,"درود 
کارشناس ملکی علیزاده 
مغازه بزرگ با بر خوب 
در بر اصلی بلوار عدالت [حاجی آباد] 
۱۰۰ متر کف 
۱۲۰ متر بالکن 
امتیازات کامل
فول امکانات
لطفا شرایط رو کامل مطالعه کنید 
شرایط اول : مالک با شرایط فعلی مغازه به قیمت ۵۰۰ ماهی ۶۰ اجاره میده 

شرایط ۲: به انتخاب مشتری کف رو سرامیک میکنه شیشه سکوریت نصب میکنه کرکره رو برقی میکنه و امکانات لازم رو انجام میده به قیمت ۱ میلیارد پیش ماهی ۹۰ اجاره 

جهت کسب اطلاعات بیشتر و بازدید لطفا تماس بگیرید",رهن و اجاره,حاجی آباد,۲۲۰,۱۳۹۰,بدون اتاق,,,,۳۱ مرداد ۱۴۰۵، ۱۳:۰۸,https://divar.ir/v/gaJu2gke
زمین ۵۰۰ مترداخل طرح کابییجار لاهیجان,مشاور املاک، جهت بازدید، مشاور,"زمین ۵۰۰ متری  داخل طرح بعداز زمیدان لاهیجان 

کاربری داخل طرح هادی 

نزدیک مسکونی 

امتیازات ۵۰ متری زمین 

با نامه استعلام از بنیاد مسکن و منابع ملی 

جهت بازدید و کسب اطلاعات بیشتر تماس بگیرید 

مشاور املاک پدیده کوهستان سوستان 

محبی",فروش,لیل,,,,"‏۱,۷۵۰,۰۰۰,۰۰۰ تومان","‏۳,۵۰۰,۰۰۰ تومان",,۳۱ مرداد ۱۴۰۵، ۱۱:۳۹,https://divar.ir/v/gaJmlBxc
۱۳۵ متر  ۳ خواب نوساز در گلستان زوج,کارشناس ملک,"درود 
کارشناس ملکی :علیزاده 
گلستان زوج 
۵ طبقه ۱۰ واحد 
طبقه ۳ 
۱۳۵ متر ۳ خواب 
نوساز فول امکانات 
بسیار خوش نقشه 
جهت کسب اطلاعات بیشتر لطفا تماس بگیرید",فروش,گلستان,۱۳۵,۱۴۰۳,۳,"‏۱۵,۶۰۰,۰۰۰,۰۰۰ تومان","‏۱۱۵,۵۵۵,۰۰۰ تومان",۳ از ۵,۳۱ مرداد ۱۴۰۵، ۱۰:۴۴,https://divar.ir/v/gaJyET_P
واحد ۱۰۰ متری فول در شقایق,کارشناس ملک,"درود 
کارشناس ملکی :علیزاده 
شقایق 
۵ طبقه ۱۰ واحد 
طبقه ۲ 
۱۰۰ متر ۲ خواب فول امکانات 
۲/۵۰۰رهن کامل 
یا ۲ میلیارد پیش ۱۵ اجاره 

جهت کسب اطلاعات بیشتر لطفا تماس بگیرید",رهن و اجاره,شقایق,۱۰۰,۱۳۹۸,۲,,,۲ از ۵,۳۱ مرداد ۱۴۰۵، ۱۰:۱۴,https://divar.ir/v/gaJSU1oW
اجاره واحد امیرشهید,مشاور املاک، مشاور,"مشاور املاک خانه گستر
واحد یک سال ساخت
در حد کلید نخورده 
۱۳۰ متری   ۳خواب
فول امکانات 
به روز 
کولر اسپیلت پکیج پارکینگ بدون مزاحم
درصورت نیاز به توضیحات بیشتر و معرفی موارد مشابه با ما تماس بگیرید آدرس ما خیابان سلمان فارسی میدان سلمان فارسی مشاور املاک خانه گستر",رهن و اجاره,کوی آزادگان,۱۳۰,۱۴۰۳,۳,,,۳,۳۱ مرداد ۱۴۰۵، ۰۹:۵۵,https://divar.ir/v/gaJC0pN0
اجاره آپارتمان ۱۰۰ متری در کارگر و ۲۰ فایل دیگر,نشانه املاکی در عنوان,"۱:خیابان نیما/۱۰۰ متر/ ۲.۵ ماهی ۱۵
۲:خیابان کارگر/۱۰۰ متر/استخردار/۳ میلیارد
۳:بلوار دانشگاه/۱۶۰ متر/۳ میلیارد
۴:خیابان قیام/۱۰۰ متر/۱.۵ میلیارد
۵:خیابان شقایق/۹۰ متر/۲ میلیارد
۶:خیابان شیشه گران/تجاری ۹۰ متری/۲ میلیارد
۷:میدان گلستان/۱۶۰ متر/۲.۵ میلیارد
۸:بلوار امام رضا/۱۳۰ متر بر اصلی/۳ میلیارد
۹:لیالستان/ویلا استخر دار/۲۵۰ متر/۵ میلیارد
۱۰:بلوار امام رضا/۱۴۰ متر/۲.۵ ماهی ۱۵
۱۱:خیابان خرمشهر/۷۰ متر/۷۰۰ ماهی ۲۱
۱۲:خیابان امام/۱۴۰ متر/۱ میلیارد
۱۳:کوچه توکلی/تجاری ۸۰ متری/۲ میلیارد
۱۴:بلوار امام رضا/۱۵۰ متر/۲.۵ میلیارد
۱۵:بلوار امام رضا/۸۰ متر/۵۰۰ ماهی ۳۰
۱۶:لیالستان/تجاری/۱۵۰ متری/۵۰۰ ماهی ۶۰",رهن و اجاره,شیشه گران,۱۰۰,۱۴۰۳,۲,,,۲ از ۳,۲۹ مرداد ۱۴۰۵، ۲۱:۲۱,https://divar.ir/v/gaH6jTz_
فروش آپارتمان ۱۲۰ متری در خزر و ۲۰ فایل دیگر,نشانه املاکی در عنوان,"۱:خیابان قیام/۱۰۰ متر/۷.۵ میلیارد
۲:میدان شهدا/ویلا ۱۳۰ متری/۱۱ میلیارد
۳:خیابان مهرگان/۱۰۰ متر/۱۲ میلیارد
۴:خیابان مهرگان/۱۰۰ متر/۸.۵ میلیارد
۵:میدان ابریشم/۸۰ متر/۶.۵ میلیارد
۶:میدان انتظام/نوساز ۹۰ متر/۱۰ میلیارد
۷:بر اصلی اتوبان/زمین ۲۰۰۰ متری/۵۰ میلیارد
۸:بازکیاگوراب/ویلا ۱۲۰۰ متری/۱۰ میلیارد
۹:رودبنه/ویلا ۱۱۰۰ متری/۱۲ میلیارد
۱۰:بازکیاگوراب/ویلا ۴۰۰ متری/۱۰ میلیارد
۱۱:خیابان شیشه گران/۲ واحد با هم ۲۰۰ متر/۲۸ میلیارد
۱۲:خیابان خزر/تریپلکس ۳۰۰ متری/۶۰ میلیارد
۱۳:خیابان خزر/۱۲۰ متر/۱۱ میلیارد
۱۴:خیابان خرمشهر/۱۰۰ متر نوساز/۱۴ میلیارد
۱۵:میدان چای/۱۲۰ متر/۱۱ میلیارد
۱۶:میدان چای/پنت ۶۰ متر+۶۰ متر تراس/۶ میلیارد
۱۷:بلوار امام رضا/مستقل ۸۰ متری/۱۳ میلیارد
۱۸:خیابان مولانا/ویلای ۱۶۰ متری/۷.۵ میلیارد",فروش,شیشه گران,۱۲۰,۱۴۰۳,۲,"‏۱۰,۰۰۰,۰۰۰,۰۰۰ تومان","‏۸۳,۳۳۳,۰۰۰ تومان",۳ از ۵,۲۹ مرداد ۱۴۰۵، ۲۰:۵۶,https://divar.ir/v/gaHeDcK0
ویلای بر دوم کمربندی لاهیجان,مشاور املاک، مشاور,"فرصتی مناسب برای خرید ویلای خوش‌قیمت

✨ کد ملک: 140634

 قیمت: 6میلیارد و650میلیون تومان

 مشخصات ملک:
 متراژ زمین: 330 مترمربع به بالا
 زیربنا: ۷۰ مترمربع به بالا
 ۲ اتاق خواب
 ویلایی با موقعیت مناسب

 مزایای ملک:
✅ دسترسی آسان به مراکز خرید و امکانات رفاهی
✅ مناسب برای سکونت دائم یا سرمایه‌گذاری
✅ محیطی آرام و دلنشین

 مشاور املاک شمال شرق | یاسر

 اعتماد شما، سرمایه ماست.
«خرید و فروش پایان یک معامله نیست، بلکه آغاز یک تعهد ماندگار است.»",فروش,لیالستان,۷۰,۱۳۸۵,۱,"‏۶,۶۵۰,۰۰۰,۰۰۰ تومان","‏۲۰,۱۵۱,۰۰۰ تومان",,۲۹ مرداد ۱۴۰۵، ۱۹:۵۴,https://divar.ir/v/gaHeSVok
نیمه کاره تربیلکس با ویوی کارت پستال,مشاور املاک، جهت بازدید، مشاور,"نیمه کاره ۳۳۰ متری زمیدان لاهیجان 

سند تک برگ 

سه بر کوچه و خیابان اصلی 

ویوی ابدی و چشمگیر 

بنا نیمه کاره تربیلکس 

جهت بازدید و کسب اطلاعات بیشتر تماس بگیرید 

مشاور املاک پدیده کوهستان سوستان 

محبی",فروش,لیل,,,,"‏۱۶,۰۰۰,۰۰۰,۰۰۰ تومان","‏۴۸,۴۸۴,۰۰۰ تومان",,۱۴ مرداد ۱۴۰۵، ۱۷:۴۳,https://divar.ir/v/gazR0_b9
واحد سه خوابه عرصه و اعیان خیابان یاسر,مشاور املاک، مشاور,"ویلا عرصه و اعیان با قیمت استثنایی؛ فرصت خریدی که نباید از دست بدهید!

✨ کد ملک: 1420634

 قیمت: 13 میلیارد و 850 میلیون تومان

 مشخصات ملک
 135 مترمربع زمین
 140 مترمربع زیربنا
 ۲ اتاق خواب
 ویلای خوش‌نقشه و کاربردی

 ویژگی‌های برجسته
✅ دسترسی آسان به مراکز خرید، خدمات شهری و امکانات رفاهی
✅ مناسب برای سکونت دائم، خانه دوم یا سرمایه‌گذاری مطمئن
✅ واقع در محیطی آرام، دنج و مناسب برای زندگی خانوادگی

 برای دریافت اطلاعات تکمیلی، استعلام شرایط خرید و هماهنگی بازدید، همین امروز با ما تماس بگیرید.

مشاور املاک شمال شرق | یاسر

 اعتماد شما، سرمایه ماست.
«خرید و فروش پایان یک معامله نیست؛ آغاز یک تعهد ماندگار است.»",فروش,لیالستان,۱۴۰,۱۴۰۳,۲,"‏۱۳,۸۵۰,۰۰۰,۰۰۰ تومان","‏۱۰۲,۵۹۲,۰۰۰ تومان",,۲۸ مرداد ۱۴۰۵، ۱۷:۵۱,https://divar.ir/v/gaFubQW3
واحد ۱۰۰ متری دلباز خرمشهر زوج,جهت بازدید، مشاور,"درود و وقت بخیر

* اجاره واحد مسکونی ۱۰۰ متر ۲ خواب خرمشهر زوج
* نوساز
* چسبیده به باغ میرصفا
* پذیرایی بزرگ و خوش نقشه
* پنج طبقه ده واحد
* ط ۲
* فول امکانات
* پارکینگ بدون مزاحم
* تخلیه آخر شهریور

جهت بازدید و مشاوره تماس بگیرید
محمدی",رهن و اجاره,شقایق,۱۰۰,۱۴۰۱,۲,,,۲ از ۵,۴ مرداد ۱۴۰۵، ۱۲:۳۷,https://divar.ir/v/gal5MMXz
۹۰ متر تکواحدی شیک در حزین,جهت بازدید، مشاور,"درود و وقت بخیر

تکواحد مسکونی ۹۰ متری ۲ خواب حزین فرد

* واحد نوساز فول امکانات و شیک
* ۲ اتاق خواب 
* چهار طبقه چهار واحد
* پذیرایی نورگیر و خوش نقشه
* طبقه سوم
۲ میلیارد رهن کامل غیر قابل تبدیل

جهت بازدید و مشاوره تماس بگیرید
محمدی",رهن کامل,شقایق,۹۰,۱۴۰۲,۲,,,۳ از ۴,۲۸ مرداد ۱۴۰۵، ۱۱:۴۶,https://divar.ir/v/gaFamWxR
۱۲۰ متری ۳ خواب تک واحدی ویو دار  در سعدی,کارشناس ملک,"درود 
کارشناس ملکی :علیزاده 
واحد ۱۲۰ متر ۳ خواب خوش نقشه 
تک واحدی ویو دار 
۵ طبقه ۵ واحد 
۲/۵۰۰ قابل تبدیل 
پای معامله تخفیف دارد

جهت کسب اطلاعات بیشتر لطفا تماس بگیرید",رهن و اجاره,کوی خزر,۱۲۰,۱۴۰۱,۳,,,۳,۲۷ مرداد ۱۴۰۵، ۱۸:۳۱,https://divar.ir/v/gaEGXGoX
اجاره واحد در بهترین لوکیشن لاهیجان (شیخ زاهد),مشاور املاک، مشاور,"✅ واحد نوساز در بهترین لوکیشن 
✅دارای اسپیلت 
✅دارای پکیج 
✅خوش نقشه
✅فول فرنیش
✅ قیمت بسیار مناسب 
✅ ۴طبقه ۸واحد
✅ طبقه اول 
✅ غیر قابل تبدیل 

مشاور شما: آقای میر افخمی 
✨مشاور املاک الماس",رهن و اجاره,شیخ زاهد,۹۰,۱۴۰۵,۲,,,۱ از ۴,۲۷ مرداد ۱۴۰۵، ۱۷:۴۴,https://divar.ir/v/gaEimnK4
رهن و اجاره واحد ۵۰ متری همکف خیابان خزر,دفتر املاک,"واحد همکف ورودی با طبقه اول مشترک
فاقد پارکینگ 
آگهی از دفتر املاک می‌باشد لطفاً در این خصوص از پاسخ‌گویی به همکاران معذوریم 
حتی‌الامکان با ارسال پیامک در ساعات عرف کاری",رهن و اجاره,کوی خزر,۵۰,۱۳۹۴,۱,,,همکف از ۲,۲۷ مرداد ۱۴۰۵، ۱۲:۱۰,https://divar.ir/v/gaEqxOBm
ویلایی قدیمی ۲۸۰ متری کتشال,مشاور املاک، جهت بازدید، مشاور,"ویلایی قدیمی با امتیازات کتشال لاهیجان 

۲۸۰ متری 

بر آسفالت محلی 

با نامه استعلام از بنیاد مسکن و منابع ملی 

منطقه ویلانشین کتشال 

جهت بازدید و کسب اطلاعات بیشتر تماس بگیرید 

مشاور املاک پدیده کوهستان سوستان 

محبی",فروش,لیل,,,,"‏۹,۸۰۰,۰۰۰,۰۰۰ تومان","‏۳۵,۰۰۰,۰۰۰ تومان",,۲۷ مرداد ۱۴۰۵، ۱۲:۱۰,https://divar.ir/v/gaEqxReS
۱۹۰ متر در کارگر  تک واحدی,کارشناس ملک,"درود 
کارشناس ملکی علیزاده 
کارگر 
 ۵ طبقه ۵ واحد طبقه اول 
۱۹۰ متر ۳ خواب 
۱ خواب مستر پذیرایی بسیار بزرگ
نقشه عالی 
فول امکانات 
۱۴۰۲ 
کلا ۱ سال استفاده شده 
۱۰ شهریور تخلیه 
جهت کسب اطلاعات بیشتر لطفا تماس بگیرید",رهن و اجاره,رجایی,۱۹۰,۱۴۰۲,۳,,,۱ از ۵,۲۷ مرداد ۱۴۰۵، ۱۱:۲۰,https://divar.ir/v/gaE6gnmf
بر اصلی سعدی تک واحدی ۳ خواب فول تراس ویو دار,کارشناس ملک,"درود 
کارشناس ملکی علیزاده 
واحد بر اصلی سعدی 
تک واحدی 
۱۲۰ متر ۳ خواب 
تراس ویو دار 
۵ سال ساخت 
فول امکانات
۲/۵۰۰ رهن کامل 
تبدیل دارد تا ۱/۲۰۰ 
اخر مرداد ماه تخلیه میشه 
جهت کسب اطلاعات بیشتر و بازدید لطفا تماس بگیرید",رهن و اجاره,کوه بیجار,۱۲۰,۱۴۰۰,۳,,,۳,۱۱ مرداد ۱۴۰۵، ۱۱:۵۴,https://divar.ir/v/gau5_uGh
پیش فروش واحد تقریباً آماده بعد دانشگاه,مشاور املاک، جهت بازدید، مشاور,"پیش فروش واحد ۱۰۰ متری شقایق زوج لاهیجان 

کلا ۳ طبقه سه واحد 

طبقه سوم

پارکینگ انباری آسانسور دارد

نمای ساختمان هم زده شده ۸۰ درصد کار پیشرفت دارد

با ۵۰ درصد مبلغ میشه معامله کرد

مابقی مرحله ای به سازنده پرداخت خواهد شد 

جهت بازدید و کسب اطلاعات بیشتر تماس بگیرید 

مشاور املاک پدیده کوهستان سوستان 

محبی",فروش,کوی استادان,,,,,,,۲۶ مرداد ۱۴۰۵، ۱۰:۳۸,https://divar.ir/v/gaCOrMvk
فروش یه واحد و یه سویت باهم خیابان یاسر,مشاور املاک، مشاور,"فرصتی مناسب برای خرید واحد و سویت عرصه و اعیان خوش‌قیمت

✨ کد ملک: 14420

 قیمت: 7 میلیارد و ۷۵۰ میلیون تومان

 مشخصات ملک:
 متراژ سویت 40متر 
 زیربنا: ۷۰ مترمربع به بالا
 ۲ اتاق خواب
 واحد با موقعیت مناسب

 مزایای ملک:
✅ دسترسی آسان به مراکز خرید و امکانات رفاهی
✅ مناسب برای سکونت دائم یا سرمایه‌گذاری
✅ محیطی آرام و دلنشین

 مشاور املاک شمال شرق | یاسر

 اعتماد شما، سرمایه ماست.
«خرید و فروش پایان یک معامله نیست، بلکه آغاز یک تعهد ماندگار است.»",فروش,لیالستان,۱۱۰,۱۳۹۰,۲,"‏۷,۷۵۰,۰۰۰,۰۰۰ تومان","‏۷۰,۴۵۴,۰۰۰ تومان",۱,۲۶ مرداد ۱۴۰۵، ۰۹:۴۶,https://divar.ir/v/gaCa66gU
ویلای با بهترین  متریال در شهر زیبای لاهیجان,مشاور املاک، مشاور," ویلا با قیمت استثنایی؛ فرصت خریدی که نباید از دست بدهید!

✨ کد ملک: 140634

 قیمت: 28 میلیارد و ۷۵۰ میلیون تومان

 مشخصات ملک
 235 مترمربع زمین
 180مترمربع زیربنا
 3 اتاق خواب
 ویلای خوش‌نقشه و کاربردی

 ویژگی‌های برجسته
✅ دسترسی آسان به مراکز خرید، خدمات شهری و امکانات رفاهی
✅ مناسب برای سکونت دائم، خانه دوم یا سرمایه‌گذاری مطمئن
✅ واقع در محیطی آرام، دنج و مناسب برای زندگی خانوادگی

 برای دریافت اطلاعات تکمیلی، استعلام شرایط خرید و هماهنگی بازدید، همین امروز با ما تماس بگیرید.

مشاور املاک شمال شرق | یاسر

 اعتماد شما، سرمایه ماست.
«خرید و فروش پایان یک معامله نیست؛ آغاز یک تعهد ماندگار است.»",فروش,لیالستان,۱۸۰,۱۴۰۵,۳,"‏۲۸,۷۵۰,۰۰۰,۰۰۰ تومان","‏۱۲۲,۳۴۰,۰۰۰ تومان",,۲۸ تیر ۱۴۰۵، ۱۶:۴۳,https://divar.ir/v/gac1cTuP
زمین مسکونی ۲۶۰ متری زمیدان لاهیجان,مشاور املاک، جهت بازدید، مشاور,"زمین مسکونی ۲۶۰ متری کوچه ویلانشین زمیدان 

کاربری ۲۰۰ متر مسکونی مابقی داخل طرح 

با مجوز ساخت دو طبقه روی پیلوت از بنیاد مسکن 

بهترین کوچه زمیدان 

جهت بازدید و کسب اطلاعات بیشتر تماس بگیرید 

مشاور املاک پدیده کوهستان سوستان 

محبی",فروش,لیل,,,,"‏۷,۸۰۰,۰۰۰,۰۰۰ تومان","‏۳۰,۰۰۰,۰۰۰ تومان",,۱۷ مرداد ۱۴۰۵، ۱۲:۱۷,https://divar.ir/v/ga21uFhr
زمین مسکونی ویودار براصلی بنگبر لاهیجان,مشاور املاک، جهت بازدید، مشاور,"زمین مسکونی ۲۷۰ متری ویوی متفاوت بر خیابان اصلی آسفالته 

بر ۱۳ متری 

خیابان ۲۵ متری

با نامه استعلام از بنیاد مسکن و منابع ملی 

قابلیت تجاری مسکونی 

جهت بازدید و کسب اطلاعات بیشتر تماس بگیرید 

مشاور املاک پدیده کوهستان سوستان 

محبی",فروش,لیل,,,,"‏۸,۲۰۰,۰۰۰,۰۰۰ تومان","‏۳۰,۳۷۰,۰۰۰ تومان",,۱۷ مرداد ۱۴۰۵، ۱۹:۲۷,https://divar.ir/v/ga3FF778
ویلایی همراه با دو مغازه و کنتور سه فاز,مشاور املاک، مشاور," یه فرصت خوب برای خرید ویلای خوش‌قیمت

✨ کد ملک: 140634

 قیمت: ۹ میلیارد و ۵۵۰ میلیون تومان

 مشخصات ملک:
 زمین: ۲۶۵ مترمربع
 زیربنا: ۹۵ مترمربع
 ۲ اتاق خواب
 ویلایی دنج و خوش‌موقعیت

همراه با دو مغازه ۲۰ متری با برق سه فاز

 مزایای ملک:
✅ دسترسی راحت به مراکز خرید و امکانات رفاهی
✅ مناسب برای زندگی یا سرمایه‌گذاری
✅ محیطی آروم و دلنشین برای یه زندگی راحت

 برای اطلاعات بیشتر و هماهنگی بازدید، با مشاور املاک شمال شرق (یاسر) تماس بگیرید.

 اعتماد شما، سرمایه ماست.
«خرید و فروش فقط یه معامله نیست؛ شروع یه تعهد ماندگاره.»",فروش,طالقانی,۹۵,۱۳۹۵,۲,"‏۹,۵۵۰,۰۰۰,۰۰۰ تومان","‏۳۶,۰۳۷,۰۰۰ تومان",,۲۷ تیر ۱۴۰۵، ۱۲:۲۴,https://divar.ir/v/gab5z5Bc
سویت دو خوابه ماشین رو کمربندی لاهیجان استانه,مشاور املاک، مشاور," فرصتی مناسب برای خرید سویت خوش‌قیمت

✨ کد ملک:4420634

 قیمت: 4 میلیارد و 250 میلیون تومان

 مشخصات ملک:
 زیربنا: 65 مترمربع به بالا
 ۲ اتاق خواب
 سویت  با موقعیت مناسب

 مزایای ملک:
✅ دسترسی آسان به مراکز خرید و امکانات رفاهی
✅ مناسب برای سکونت دائم یا سرمایه‌گذاری
✅ محیطی آرام و دلنشین

 مشاور املاک شمال شرق | یاسر

 اعتماد شما، سرمایه ماست.
«خرید و فروش پایان یک معامله نیست، بلکه آغاز یک تعهد ماندگار است.»",فروش,لیالستان,۶۵,۱۳۹۵,۲,"‏۴,۲۵۰,۰۰۰,۰۰۰ تومان","‏۶۵,۳۸۴,۰۰۰ تومان",همکف,۲۴ مرداد ۱۴۰۵، ۱۰:۳۵,https://divar.ir/v/gaA-wd6P
سویت دو خوابه ماشین رو منطقه یاسر,مشاور املاک، مشاور," فرصتی مناسب برای خرید سویت خوش‌قیمت

✨ کد ملک: 144206

 قیمت: 5میلیارد و ۷۵۰ میلیون تومان

 مشخصات ملک:

 زیربنا: 60مترمربع به بالا
 ۲ اتاق خواب
 سویت با موقعیت مناسب

 مزایای ملک:
✅ دسترسی آسان به مراکز خرید و امکانات رفاهی
✅ مناسب برای سکونت دائم یا سرمایه‌گذاری
✅ محیطی آرام و دلنشین

 مشاور املاک شمال شرق | یاسر

 اعتماد شما، سرمایه ماست.
«خرید و فروش پایان یک معامله نیست، بلکه آغاز یک تعهد ماندگار است.»",فروش,لیالستان,۶۰,۱۳۹۷,۲,"‏۵,۷۵۰,۰۰۰,۰۰۰ تومان","‏۹۵,۸۳۳,۰۰۰ تومان",همکف,۲۴ مرداد ۱۴۰۵، ۱۰:۱۹,https://divar.ir/v/gaAuQo3j
مشاوردرخریدوفروش,نشانه املاکی در عنوان,مشاورامین شمادرخریدوفروش انواع ملک درروستاهای پای کوه لاهیجان مثل سوخته کوه و....,فروش,آهندان,,,,"‏۳,۲۵۰,۰۰۰,۰۰۰ تومان","‏۱۳,۰۰۰,۰۰۰ تومان",,۲۲ مرداد ۱۴۰۵، ۱۸:۰۵,https://divar.ir/v/ga9V9KVL
سویت 50رسالت,مشاور املاک، مشاور," فرصتی مناسب برای خرید وسویت خوش‌قیمت

✨ کد ملک:4420634

 قیمت: ۳ میلیارد و 400 میلیون تومان

 مشخصات ملک:

 زیربنا: 50 مترمربع به بالا
 1 اتاق خواب
 سویت با موقعیت مناسب

 مزایای ملک:
✅ دسترسی آسان به مراکز خرید و امکانات رفاهی
✅ مناسب برای سکونت دائم یا سرمایه‌گذاری
✅ محیطی آرام و دلنشین

 مشاور املاک شمال شرق | یاسر

 اعتماد شما، سرمایه ماست.
«خرید و فروش پایان یک معامله نیست، بلکه آغاز یک تعهد ماندگار است.»",فروش,لیالستان,۵۰,۱۳۹۸,۱,"‏۳,۴۰۰,۰۰۰,۰۰۰ تومان","‏۶۸,۰۰۰,۰۰۰ تومان",همکف,۲۱ مرداد ۱۴۰۵، ۱۶:۴۹,https://divar.ir/v/ga8FRQQ9
ویلای اطراف لاهیجان محیطی آرام و دنج,مشاور املاک، مشاور," فرصتی مناسب برای خرید ویلای خوش‌قیمت

✨ کد ملک: 14420634

 قیمت: 8 میلیارد و ۷۵۰ میلیون تومان

 مشخصات ملک:
 متراژ زمین: 280 مترمربع به بالا
 زیربنا: 100 مترمربع به بالا
 ۲ اتاق خواب
 ویلایی با موقعیت مناسب

 مزایای ملک:
✅ دسترسی آسان به مراکز خرید و امکانات رفاهی
✅ مناسب برای سکونت دائم یا سرمایه‌گذاری
✅ محیطی آرام و دلنشین

 مشاور املاک شمال شرق | یاسر

 اعتماد شما، سرمایه ماست.
«خرید و فروش پایان یک معامله نیست، بلکه آغاز یک تعهد ماندگار است.»",فروش,لیالستان,۱۰۰,۱۴۰۵,۲,"‏۸,۷۵۰,۰۰۰,۰۰۰ تومان","‏۳۱,۲۵۰,۰۰۰ تومان",,۲۱ مرداد ۱۴۰۵، ۰۹:۴۵,https://divar.ir/v/ga89gLgt
ویلای همراه با بهار خواب نخجیر,مشاور املاک، مشاور," فرصتی مناسب برای خرید ویلای خوش‌قیمت

✨ کد ملک: 420634

 قیمت: 8 میلیارد و 500 میلیون تومان

 مشخصات ملک:
 متراژ زمین: ۱45 مترمربع به بالا
 زیربنا: ۷۰ مترمربع به بالا
 ۲ اتاق خواب
 ویلایی با موقعیت مناسب

 مزایای ملک:
✅ دسترسی آسان به مراکز خرید و امکانات رفاهی
✅ مناسب برای سکونت دائم یا سرمایه‌گذاری
✅ محیطی آرام و دلنشین

 مشاور املاک شمال شرق | یاسر

 اعتماد شما، سرمایه ماست.
«خرید و فروش پایان یک معامله نیست، بلکه آغاز یک تعهد ماندگار است.»",فروش,لیالستان,۷۰,۱۳۹۷,۲,"‏۸,۵۰۰,۰۰۰,۰۰۰ تومان","‏۵۸,۶۲۰,۰۰۰ تومان",,۲۱ مرداد ۱۴۰۵، ۰۹:۳۳,https://divar.ir/v/ga8xgeEm
۱۱۳۸متر تجاری‌مسکونی ۳بر ۴۰متری,کارشناس ملک,"میدان ابریشم سابق میدان چای فعلی
پشت سوغات فروشی‌ها
پایین‌تر از قیمت منطقه به کارشناسی خودتان
قابل معاوضه تا ۵۰درصد
___________
✅️با گارانتی معامله کن!
حامد دریایی/کارشناس ملکی‌حقوقی⚖️
آدرس: خیابان منظریه جنب منظریه۷",فروش,حاجی آباد,,,,"‏۲۸,۴۰۰,۰۰۰,۰۰۰ تومان","‏۲۴,۹۵۶,۰۰۰ تومان",,۲۰ مرداد ۱۴۰۵، ۱۸:۲۷,https://divar.ir/v/ga7hTBWN
۱۱۰متر جلو آبشار لاهیجان سرمایه‌گذاری,کارشناس ملک,"فقط همین یه واحد فروشه
بشدت کمیاب
دو قدمیه آبشار و استخر
اول خیابان کارگر
متری ۲۴۰
۵طبقه ۹ واحد
طبقه اول
۳۰درصد پیشرفت پروژه
قابل انتظار برای پرداخت اولیه ۶۰درصد
___________
✅️با گارانتی معامله کن!
حامد دریایی/کارشناس ملکی‌حقوقی⚖️
آدرس: خیابان منظریه جنب منظریه۷",فروش,رجایی,,,,,,,۲۰ مرداد ۱۴۰۵، ۱۸:۲۱,https://divar.ir/v/ga7ZziBi
سرمایه‌گذاری ۱۰۰متری خیابان کارگر,کارشناس ملک,"پیش خرید قانونی 
کارگر فرد
طبقه اول
متری ۲۵۰
تحویل ۲۰ ماهه
سازنده معتبر
مبلغ پرداختی ۶۰درصد
مرحله گودبرداری
___________
✅️با گارانتی معامله کن!
حامد دریایی/کارشناس ملکی‌حقوقی⚖️
آدرس: خیابان منظریه جنب منظریه۷",فروش,رجایی,,,,,,,۲۰ مرداد ۱۴۰۵، ۱۸:۱۵,https://divar.ir/v/ga7VTTVW
اجاره مغازه ۳۰ متری بر اصلی خرمشهر,جهت بازدید، مشاور,"درود و وقت بخیر
• اجاره مغازه تجاری ۲۵ متر کف+۱۵ متر بالکن در بر اصلی خیابان خرمشهر
• ۴/۵ متر بر
• سرویس بهداشتی
• امتیازات کامل
• اسپلیت،آب گرمکن،بالابر
• تخلیه مهر ماه
۱،۵۰۰ میلیارد رهن و اجاره
جهت بازدید و مشاوره تماس بگیرید
محمدی",رهن و اجاره,شقایق,۳۰,۱۴۰۴,بدون اتاق,,,,۱۹ مرداد ۱۴۰۵، ۱۱:۳۵,https://divar.ir/v/ga5ZoO5t
زمین مناسب سرمایه گذاری نخجیر,مشاور املاک، مشاور," فرصتی مناسب برای خرید زمین  خوش‌قیمت

✨ کد ملک:4420634

 قیمت: 2800

 مشخصات ملک:
 متراژ زمین 300متر
 زمین با موقعیت مناسب

 مزایای ملک:
✅ دسترسی آسان به مراکز خرید و امکانات رفاهی
✅ مناسب برای سکونت دائم یا سرمایه‌گذاری
✅ محیطی آرام و دلنشین

 مشاور املاک شمال شرق | یاسر

 اعتماد شما، سرمایه ماست.
«خرید و فروش پایان یک معامله نیست، بلکه آغاز یک تعهد ماندگار است.»",فروش,لیالستان,,,,"‏۲,۸۰۰,۰۰۰,۰۰۰ تومان","‏۹,۳۳۳,۰۰۰ تومان",,۱۹ مرداد ۱۴۰۵، ۱۱:۲۲,https://divar.ir/v/ga5J45-P
زمین لیالستان همراه با پروانه,مشاور املاک، مشاور," فرصتی مناسب برای خریدزمین با پروانه  خوش‌قیمت

✨ کد ملک: 140634

 قیمت: متری 14میلیون

 مشخصات
 متراژ زمین 650
 ۲ اتاق خواب
 زمین با موقعیت مناسب

 مزایای ملک:
✅ دسترسی آسان به مراکز خرید و امکانات رفاهی
✅ مناسب برای سکونت دائم یا سرمایه‌گذاری
✅ محیطی آرام و دلنشین

 مشاور املاک شمال شرق | یاسر

 اعتماد شما، سرمایه ماست.
«خرید و فروش پایان یک معامله نیست، بلکه آغاز یک تعهد ماندگار است.»",فروش,لیالستان,,,,"‏۸,۹۰۰,۰۰۰,۰۰۰ تومان","‏۱۳,۶۹۲,۰۰۰ تومان",,۱۹ مرداد ۱۴۰۵، ۱۱:۱۵,https://divar.ir/v/ga5FoJki
۶۸متر_مهرگان_طبقه‌سوم,جهت بازدید، مشاور,"یک واحد نقلی و به قیمت در محدوده مهرگان لاهیجان✨
➖➖➖➖➖➖➖➖➖
✅۲ خواب
✅پارکینگ
✅پکیج
✅کمد دیواری
✅شبک و تمیز
✅مناسب زوج
✅طبقه سوم 
➖➖➖➖➖➖➖➖
جهت بازدید و مشاوره تماس بگیرید
امیر زمانی",فروش,مهرگان,۶۸,۱۳۹۶,۲,"‏۷,۰۰۰,۰۰۰,۰۰۰ تومان","‏۱۰۲,۹۴۱,۰۰۰ تومان",۳,۱۸ مرداد ۱۴۰۵، ۱۸:۲۶,https://divar.ir/v/ga4VJDHN
فروش واحد ۹۰ متری فیاض,مشاور املاک، مشاور,"مشاور املاک خانه گستر
۹۰ متری نوساز 
کلید نخورده دو خواب 
لوکس عالی پارکینگ بدون مزاحم 
بهترین متریال موجود 
فول امکانات
درصورت نیاز به توضیحات بیشتر و معرفی موارد مشابه با تماس بگیرید 
ادرس ما خیابان سلمان فارسی میدان سلمان فارسی مشاور املاک خانه گستر",فروش,فیاض,۹۰,۱۴۰۵,۲,"‏۱۰,۸۰۰,۰۰۰,۰۰۰ تومان","‏۱۲۰,۰۰۰,۰۰۰ تومان",۱ از ۴,۶ مرداد ۱۴۰۵، ۲۰:۱۵,https://divar.ir/v/gaoxNI7W
فروش آپارتمان گلستان,دفتر املاک,"فروش یک واحد آپارتمان 
۸۲ متری
۲ خواب
پارکینگ قید در سند بدون مزاحم
آسانسور
طبقه اول
فول امکانات
سند تک برگ
کلید موجود
مشاورین املاک تماس نگیرند.
✅دفتر املاک معماری پارسی✅",فروش,گلستان,۸۲,۱۴۰۰,۲,"‏۸,۳۵۰,۰۰۰,۰۰۰ تومان","‏۱۰۱,۸۲۹,۰۰۰ تومان",۱,۱۸ مرداد ۱۴۰۵، ۱۱:۴۴,https://divar.ir/v/ga4ZDp8-
۱۰۰ متر راه جدا شیک در خرمشهر,جهت بازدید، مشاور,"درود و وقت بخیر
• واحد مسکونی ۱۰۰ متری ۲ خواب مستقل خرمشهر زوج
• فول نوسازی شده
• کف پارکت
• پکیج و اسپلیت
• راه جدا
• ۲ اتاق خواب بزرگ به همراه کمد دیواری
• پذیرایی نورگیر
• طبقه اول
• پارکینگ اختصاصی ۲ ماشین
جهت بازدید و مشاوره تماس بگیرید
محمدی",رهن کامل,شقایق,۱۰۰,۱۴۰۱,۲,,,۱,۱۸ مرداد ۱۴۰۵، ۱۱:۱۷,https://divar.ir/v/ga4BTQqN
اجاره واحد صفر یاسر,مشاور املاک، مشاور," فرصتی مناسب 

✨ کد ملک: 14420

 قیمت: 1میلیارد و 200میلیون

 مشخصات ملک:
 زیربنا: ۷۰ مترمربع به بالا
 ۲ اتاق خواب
 با موقعیت مناسب

 مزایای ملک:
✅ دسترسی آسان به مراکز خرید و امکانات رفاهی
✅ مناسب برای سکونت دائم و موقت 
✅ محیطی آرام و دلنشین

 مشاور املاک شمال شرق | یاسر

 اعتماد شما، سرمایه ماست.
«خرید و فروش پایان یک معامله نیست، بلکه آغاز یک تعهد ماندگار است.»",رهن و اجاره,لیالستان,۷۰,۱۴۰۵,۲,,,۱ از ۴,۱۸ مرداد ۱۴۰۵، ۱۰:۱۴,https://divar.ir/v/ga4FiTxQ
اجاره نخجیر کلایه,مشاور املاک، مشاور," فرصتی مناسب برای اجاره ویلای خوش نقشه

✨ کد ملک: 4420634

 قیمت: 750

 مشخصات ملک:
 زیربنا: 85مترمربع به بالا
 ۲ اتاق خواب
 ویلایی با موقعیت مناسب

 مزایای ملک:
✅ دسترسی آسان به مراکز خرید و امکانات رفاهی
✅ مناسب برای سکونت دائم یا سرمایه‌گذاری
✅ محیطی آرام و دلنشین

 مشاور املاک شمال شرق | یاسر

 اعتماد شما، سرمایه ماست.
«خرید و فروش پایان یک معامله نیست، بلکه آغاز یک تعهد ماندگار است.»",رهن و اجاره,لیالستان,۸۵,۱۳۹۵,۲,,,,۱۷ مرداد ۱۴۰۵، ۱۹:۱۳,https://divar.ir/v/ga35EGCK
ویلایی با لوکیشن خاص نزدیک سوستان,مشاور املاک، جهت بازدید، مشاور,"ویلایی ۲۵۰ متری با ویوی ابدی 

کوچه ویلانشین بنگبر 

نزدیک خیابان اصلی آسفالته 

امتیازات آب برق گاز دارد 

جهت بازدید و کسب اطلاعات بیشتر تماس بگیرید 

مشاور املاک پدیده کوهستان سوستان 

محبی",فروش,لیل,۲۵۰,۱۳۸۳,۲,"‏۹,۰۰۰,۰۰۰,۰۰۰ تومان","‏۳۶,۰۰۰,۰۰۰ تومان",,۱۴ مرداد ۱۴۰۵، ۱۱:۰۵,https://divar.ir/v/gaydOwtR
ویلای نیاکو صفر,مشاور املاک، مشاور," فرصتی مناسب برای خرید ویلای خوش‌قیمت

✨ کد ملک: 14420634

 قیمت: 7میلیارد و 800 میلیون تومان

 مشخصات ملک:
 متراژ زمین: ۱۸۵ مترمربع به بالا
 زیربنا: ۷۰ مترمربع به بالا
 ۲ اتاق خواب
 ویلایی با موقعیت مناسب

 مزایای ملک:
✅ دسترسی آسان به مراکز خرید و امکانات رفاهی
✅ مناسب برای سکونت دائم یا سرمایه‌گذاری
✅ محیطی آرام و دلنشین

 مشاور املاک شمال شرق | یاسر

 اعتماد شما، سرمایه ماست.
«خرید و فروش پایان یک معامله نیست، بلکه آغاز یک تعهد ماندگار است.»",فروش,لیالستان,۷۰,۱۴۰۵,۲,"‏۷,۸۰۰,۰۰۰,۰۰۰ تومان","‏۴۲,۱۶۲,۰۰۰ تومان",,۱۷ مرداد ۱۴۰۵، ۱۲:۱۶,https://divar.ir/v/ga2x-MYS
ویلای 220متری یاسر,مشاور املاک، مشاور," فرصتی مناسب برای خرید ویلای خوش‌قیمت

✨ کد ملک: 120634

 قیمت: 10 میلیارد و ۷۵۰ میلیون تومان

 مشخصات ملک:
 متراژ زمین: 220 مترمربع به بالا
 زیربنا: 85 مترمربع به بالا
 1 اتاق خواب
 ویلایی با موقعیت مناسب

 مزایای ملک:
✅ دسترسی آسان به مراکز خرید و امکانات رفاهی
✅ مناسب برای سکونت دائم یا سرمایه‌گذاری
✅ محیطی آرام و دلنشین

 مشاور املاک شمال شرق | یاسر

 اعتماد شما، سرمایه ماست.
«خرید و فروش پایان یک معامله نیست، بلکه آغاز یک تعهد ماندگار است.»",فروش,لیالستان,۸۵,۱۴۰۵,۱,"‏۱۰,۷۵۰,۰۰۰,۰۰۰ تومان","‏۴۸,۸۶۳,۰۰۰ تومان",,۱۵ مرداد ۱۴۰۵، ۰۹:۴۰,https://divar.ir/v/ga0RS7ay
تکواحدی ۱۲۰ متری ویو ابدی استخر لاهیجان,جهت بازدید، مشاور,"درود و وقت بخیر

اجاره واحد مسکونی ۱۲۰ متری ۳ خواب روبروی استخر

*  تراس با ویو ابدی استخر و شیطان کوه
* فول نوسازی شده و متریال برند و صفر
* فول امکانات و هوشمند
* ۳ خواب استاندارد به همراه کمد دیواری
* پذیرایی نورگیر و بدون مشرف
* چهار طبقه چهار واحد
* طبقه ۲ (ارتفاع طبقه ۴ بخاطر وجود مغازه و بالکن)
* پارکینگ با مزاحم
جهت بازدید و مشاوره تماس بگیرید
محمدی",رهن کامل,کوی خزر,۱۲۰,۱۴۰۰,۳,,,۲ از ۴,۱۴ مرداد ۱۴۰۵، ۱۹:۲۷,https://divar.ir/v/gazp1ylJ
زمین شهری ۱۹۰ متری بعداز دانشگاه آزاد,مشاور املاک، جهت بازدید، مشاور,"زمین مسکونی سندار شهری

بعداز دانشگاه آزاد لاهیجان 

دوبر کوچه ۸ و ۶ متری

دور محصور شده 

جهت بازدید و کسب اطلاعات بیشتر تماس بگیرید 

مشاور املاک پدیده کوهستان سوستان 

محبی",فروش,کوی استادان,,,,"‏۸,۵۵۰,۰۰۰,۰۰۰ تومان","‏۴۵,۰۰۰,۰۰۰ تومان",,۱۴ مرداد ۱۴۰۵، ۱۱:۱۰,https://divar.ir/v/gayhuuqj
تکواحدی ۱۵۰ متری خرمشهر زوج,جهت بازدید، مشاور,"درود و وقت بخیر

اجاره واحد مسکونی ۱۵۰ متری ۳ خواب خرمشهر زوج
* ۲ تراس
* فول امکانات
* ۱ خواب مستر
* پذیرایی نورگیر و خوش نقشه
* پنج طبقه پنج واحد
* طبقه ۳
* پارکینگ بدون مزاحم و ۲ ماشین

۳ میلیارد رهن کامل
جهت بازدید و مشاوره تماس بگیرید
محمدی",رهن کامل,شقایق,۱۵۰,۱۴۰۰,۳,,,۳ از ۵,۱۳ مرداد ۱۴۰۵، ۱۶:۳۸,https://divar.ir/v/gaxNe1XN
پیشفروش آپارتمان,دفتر املاک,"✅ پیشفروش یک واحد ۹۳ متری
۲ خواب
فول امکانات
طبقه۳
کلا ۴ طبقه ۸ واحد
سازنده معتبر
تحویل اسفند
دفتر املاک معماری پارسی


✅ پیشفروش واحد ۸۰ متری طالقانی
۲خواب
فول امکانات
طبقه سوم
کلا ۳ طبقه ۶ واحد
سازنده معتبر
قیمت کل:۱۰ میلیارد 
تحویل اسفند ماه ۱۴۰۵
دفتر املاک معماری پارسی

✅پیشفروش واحد ۷۵ متری خیابان کشاورز
۲ خواب
فول امکانات
۴ طبقه ۸ واحد
طبقه دوم
سازنده معتبر
تحویل:دی ماه ۱۴۰۵
قیمت کل:۸/۲۵۰ میلیارد

✅پیشفروش واحد ۱۰۰ متری خیابان کشاورز
۲ خواب
فول امکانات
طبقه چهارم
کلا ۴ طبقه ۸ واحد
سازنده معتبر
تحویل دی ماه ۱۴۰۵
قیمت کل:۱۰/۵۰۰ میلیارد

✅پیشفروش ۸۵ متری گلستان فرد
۲ خواب 
فول امکانات
۴ طبقه ۸ واحد
طبقه اول
سازنده معتبر
قیمت کل:۱۰/۲۰۰ میلیارد",فروش,طالقانی,,,,,,,۱۱ مرداد ۱۴۰۵، ۱۷:۰۶,https://divar.ir/v/gavdkuEk
ویلای بیجار بنه پایین,مشاور املاک، مشاور," فرصتی مناسب برای خرید ویلای خوش‌قیمت

✨ کد ملک: 14420634

 قیمت: 13 میلیارد و ۷۵۰ میلیون تومان

 مشخصات ملک:
 متراژ زمین: ۱۸۵ مترمربع به بالا
 زیربنا: 90مترمربع به بالا
 ۲ اتاق خواب
 ویلایی با موقعیت مناسب

 مزایای ملک:
✅ دسترسی آسان به مراکز خرید و امکانات رفاهی
✅ مناسب برای سکونت دائم یا سرمایه‌گذاری
✅ محیطی آرام و دلنشین

 مشاور املاک شمال شرق | یاسر

 اعتماد شما، سرمایه ماست.
«خرید و فروش پایان یک معامله نیست، بلکه آغاز یک تعهد ماندگار است.»",فروش,لیالستان,۹۰,۱۳۹۹,۲,"‏۱۳,۵۰۰,۰۰۰,۰۰۰ تومان","‏۷۲,۹۷۲,۰۰۰ تومان",,۱۱ مرداد ۱۴۰۵، ۱۲:۰۲,https://divar.ir/v/gavBgUNg
واحد مستقل خیابان فردوسی لاهیجان,مشاور املاک، مشاور," فرصتی مناسب برای خرید واحد  خوش‌قیمت

✨ کد ملک: 14420634

 قیمت: 7 میلیارد و 800 میلیون تومان

 مشخصات ملک:
 زیربنا: ۷۰ مترمربع به بالا
 ۲ اتاق خواب
 واحد با موقعیت مناسب

 مزایای ملک:
✅ دسترسی آسان به مراکز خرید و امکانات رفاهی
✅ مناسب برای سکونت دائم یا سرمایه‌گذاری
✅ محیطی آرام و دلنشین

 مشاور املاک شمال شرق | یاسر

 اعتماد شما، سرمایه ماست.
«خرید و فروش پایان یک معامله نیست، بلکه آغاز یک تعهد ماندگار است.»",فروش,لیالستان,۷۰,۱۳۹۵,۲,"‏۷,۸۰۰,۰۰۰,۰۰۰ تومان","‏۱۱۱,۴۲۸,۰۰۰ تومان",۲,۱۱ مرداد ۱۴۰۵، ۱۱:۵۷,https://divar.ir/v/gau5_u1z
واحد خوش نقشه طبقه اول رسالت,مشاور املاک، مشاور," فرصتی مناسب برای خرید واحد خوش‌قیمت

✨ کد ملک:4420634

 قیمت: 6میلیارد و 650میلیون تومان

 مشخصات ملک:
 زیربنا: 80 مترمربع به بالا
 ۲ اتاق خواب
 واحد مشترک با موقعیت مناسب پارکینگ قد در سند

 مزایای ملک:
✅ دسترسی آسان به مراکز خرید و امکانات رفاهی
✅ مناسب برای سکونت دائم یا سرمایه‌گذاری
✅ محیطی آرام و دلنشین

 مشاور املاک شمال شرق | یاسر 20و18 آینه دار

 اعتماد شما، سرمایه ماست.
«خرید و فروش پایان یک معامله نیست، بلکه آغاز یک تعهد ماندگار است.»",فروش,لیالستان,۸۰,۱۳۹۴,۲,"‏۶,۶۵۰,۰۰۰,۰۰۰ تومان","‏۸۳,۱۲۵,۰۰۰ تومان",۱ از ۲,۱۱ مرداد ۱۴۰۵، ۱۱:۴۵,https://divar.ir/v/gauxPMGl
واحد ۹۶ متری کلید نخورده ویودار,جهت بازدید، مشاور,"درود و وقت بخیر

اجاره واحد مسکونی ۹۶ متر ۲ خواب کلید نخورده 
فول امکانات
طبقه ۳
۵ طبقه ، ۹ واحد
۲ تراس(قابل چیدمان)
پارکینگ بدون مزاحم
پذیرایی نورگیر
جهت بازدید و مشاوره تماس بگیرید
محمدی",رهن و اجاره,کوه بیجار,۹۶,۱۴۰۵,۲,,,۳ از ۵,۱۷ تیر ۱۴۰۵، ۱۲:۲۹,https://divar.ir/v/gaOFhSiI
۱۸۰ متر واحد تجاری_اداری,جهت بازدید، مشاور,"درود و وقت بخیر

اجاره واحد تجاری/اداری ۱۸۰ متر
سه خواب
پارکینگ اختصاصی ۵ ماشین
فضای بزرگ و کاربردی
تاپ لوکیشن
جهت بازدید و مشاوره تماس بگیرید
محمدی",رهن و اجاره,رجایی,۱۸۰,۱۳۹۵,۳,,,همکف,۱۳ تیر ۱۴۰۵، ۱۸:۰۸,https://divar.ir/v/gaJph3F-
۶۰۰ متر زمین در بالاترین ارتفاع کوهپایه ای,جهت بازدید، مشاور,"۳۰۰ متر مسکونی
دو کله
بر خیابان ۲۵ متری
ویو عالی و ابدی
محدوده چلک،سطلسر
در ارتفاع و‌بالاترین نقطه
بر اصلی آسفالت
قیمت: متری ۴۵ میلیون تومان

املاک پدیده کوهستان
سوستان بالا
محبی

موارد مشابه با قیمت های منطقی جهت بازدید موجود می باشد


مشاوره رایگان",فروش,لیل,,,,"‏۲۷,۰۰۰,۰۰۰,۰۰۰ تومان","‏۴۵,۰۰۰,۰۰۰ تومان",,۱۱ تیر ۱۴۰۵، ۱۱:۱۳,https://divar.ir/v/gaGFxsEm
اجاره مغازه شیک و زیبا در لاهیجان,مشاور املاک، مشاور,"مغازه فوق 
بر ۳/۵ متر .. 
28 متر کف 
۱۴ متر بالکن 
با تجهیزات مجهز به دوربین ‌. اسپلیت ‌. 
برای کارهای دفتری ..مشاور املاک.. بسیار مناسب و مشتری خور 
اگر شغل شما مربوط به امور دفتری باشه در هنگام تنظیم اجاره نامه تخفیف از مالک میتونم بگیرم 

لاهیجان.. خ ۲۲ آبان ..نزدیک استخر 

همکاران محترم میتونن تماس بگیرند ..باعث افتخاره 

املاک پورموسی در خدمت شماست",رهن و اجاره,قیام,۲۸,۱۴۰۴,بدون اتاق,,,,۸ مرداد ۱۴۰۵، ۱۴:۲۴,https://divar.ir/v/gar1yAOd
زمین مسکونی ۲۰۰ متری  براصلی ذالکه بر,مشاور املاک، جهت بازدید، مشاور,"زمین مسکونی با ویویی خاص و منحصر به فرد 

بر خیابان اصلی آسفالته 

تجاری و مسکونی 

بعداز دره جیر لاهیجان 

با نامه استعلام از بنیاد مسکن و منابع ملی 

جهت بازدید و کسب اطلاعات بیشتر تماس بگیرید 

مشاور املاک پدیده کوهستان 

محبی",فروش,آهندان,,,,"‏۴,۸۰۰,۰۰۰,۰۰۰ تومان","‏۲۴,۰۰۰,۰۰۰ تومان",,۱۴ تیر ۱۴۰۵، ۱۰:۳۵,https://divar.ir/v/gaKJQFLQ
املاک ونیز در لاهیجان,نشانه املاکی در عنوان,"⚜️املاک ونیز لاهیجان⚜️
عکسها مطلق به فایل زیر میباشد
(بهترین مکان برای آرامش و ریکاوری و بهترین گزینه برای سرمایه گذاری) 
1000متر زمین 
همراه دو واحد بنا 80متری همراه بالکن 15متری
و سوئیت 50 متری
ویو ابدی، محیطی آرام، تمام امکانات رفاهی موجوده
دارای سند
زیر قیمت منطقه 
                   ⚜️املاک ونیز⚜️
زمین 5127متری داخل شهر لاهیجان
(مناسب ساخت ساز، ساخت هتل، ساخت، باشگاه، و...،سرمایه گذاری) 
1300متر مسکونی
زیر قیمت منطیه
                   ⚜️املاک ونیز⚜️
پیش فروش واحد در شهر زیبای لاهیجان
(عروس گیلان) 
با کمترین مبلغی که دارید صاحب یکی از خونه های 
زیبای لاهیجان بشید
بهترین فرصت که در چند مرحله مبلغ رو پرداخت میکنید
معاوضه با ماشین 
                     ⚜️املاک ونیز⚜️

مشاور شما خانم آقاجانی
فایل مورد نظر خود را در گیلان از ما بخواهید
تا بهترین گزینه رو براتون پیدا کنیم
فعالیت تیم ما در لاهیجان و آستانه اشرفیه و روستاها
                ⚜️خرید و فروش⚜️
ویلا و آپاتمان 
زمین باغی و مسکونی
پیش فروش
و....",فروش,کوی خزر,,,,"‏۱۶,۰۰۰,۰۰۰,۰۰۰ تومان","‏۱۶,۰۰۰,۰۰۰ تومان",,۷ مرداد ۱۴۰۵، ۱۷:۵۲,https://divar.ir/v/gaqlwpQx
